Carimbo de data/hora,"Baseado nisso, o que mais gostaria de ver na VII SESCOMP?",O que você quer ver?,"Além da indústria, gostaria de conhecer alguma outra área?",O que você quer ver?,"Além da pesquisa, gostaria de conhecer alguma outra área?",O que você quer ver?,"Além das atividades culturais, gostaria de conhecer alguma outra área?","Caso você também se interesse por assuntos diversos, separamos alguns:","Quais personalidades e influentes da área, regionais ou nacionais, você gostaria de ver na VII SESCOMP?",Quais atividades além das palestras e minicursos você gostaria que tivesse na SESCOMP?
20/11/2023 11:56:24,Atividades relacionadas às pesquisas em desenvolvimento na área de TI.,,,"Estrutura de Dados, Linguagens de Programação, Computação Gráfica, Interação Humano-Computador, Compiladores",Atividades Culturais!,"Hackathon, Escape Room, Competição de Cosplay, Maratona de Programação, Shows de arte, Exposição de arte",Não,"Entretenimento e Conteúdo digital, Tecnologia de Bem-estar, Guia de Carreira, Mercado Financeiro",,
20/11/2023 11:59:33,Atividades relacionadas às pesquisas em desenvolvimento na área de TI.,"Inteligência Artificial, Blockchain, Computação em Nuvem, Cíber Segurança, Machine Learning, Metaverso",Atividades Culturais!,"Estrutura de Dados, Algoritmos em Grafos, Computação Gráfica, Qualidade de Software, Matemática Computacional",Atividades relacionadas ao mercado de trabalho.,"Hackathon, Ideathon, Barraca de Comidas Típicas, Shows musicais, Jogos eletrônicos, Escape Room, Maratona de Programação, Competição de Just Dance",Não,"Saúde Mental, Jogos e Esportes, Guia de Carreira, Mercado Financeiro",,
20/11/2023 12:08:15,Atividades relacionadas ao mercado de trabalho.,"Tecnologias 5G, Inteligência Artificial, Blockchain, Computação em Nuvem, Machine Learning, Casa Inteligentes, Empreendedorismo e Inovação, UX e UI, Desenvolvimento Back-end, Desenvolvimento Front-end, Desenvolvimento Full-Stack, Testes Automatizados",Atividades relacionadas às pesquisas em desenvolvimento na área de TI.,"Estrutura de Dados, Algoritmos em Grafos, Interação Humano-Computador, Arquitetura de Software, Matemática Computacional",Não,,,"Entretenimento e Conteúdo digital, Jogos e Esportes, Marketing e Publicidade, Processo Seletivo, O futuro da Tecnologia","Fabio Akita, Gustavo Guanabara, Erick Wendell",
20/11/2023 12:13:27,Atividades relacionadas às pesquisas em desenvolvimento na área de TI.,"Inteligência Artificial, Ciência de Dados, Desenvolvimento Back-end, Desenvolvimento Front-end, Desenvolvimento Full-Stack",Atividades Culturais!,"Algoritmos em Grafos, Linguagens Formais e Autômatos",Atividades relacionadas ao mercado de trabalho.,"Jogos de Tabuleiro, Maratona de Programação",Não,"Saúde Mental, Tecnologia de Bem-estar",,
20/11/2023 12:13:35,Atividades relacionadas ao mercado de trabalho.,"Acessibilidade Digital, Inteligência Artificial, Blockchain, Cíber Segurança, Tecnologia na Educação, Machine Learning, LGPD, UX e UI, QA (Quality Assurance), Gestão de projetos, Ética na computação, Desenvolvimento Back-end, Desenvolvimento Front-end, Desenvolvimento Full-Stack, DevOps, Elicitação de Requisitos, Testes Automatizados",Atividades relacionadas às pesquisas em desenvolvimento na área de TI.,"Arquitetura de Computadores, Estrutura de Dados, Computação Gráfica, Gerência de Projetos de Software, Verificação e Validação, Compiladores, Sistemas Multiagentes",Não,,,"Entretenimento e Conteúdo digital, Saúde Mental, Jogos e Esportes, Marketing e Publicidade, Tecnologia de Bem-estar, Processo Seletivo","Afredo soares, Marcelo paz, semenzaro, Carol paiffer, caito maia.",Estrutura de currículo no LinkedIn Canva 
20/11/2023 12:14:00,Atividades relacionadas ao mercado de trabalho.,"Computação em Nuvem, Cíber Segurança, Imagem Digital, LGPD, Robótica, UX e UI, QA (Quality Assurance), Desenvolvimento Front-end, DevOps, Testes Automatizados, Documentação de Software",Atividades relacionadas às pesquisas em desenvolvimento na área de TI.,"Arquitetura de Computadores, Estrutura de Dados, Computação Gráfica, Sistemas Operacionais, Interação Humano-Computador, Redes de Computadores, Qualidade de Software, Sistemas Distribuídos",Não,,,"Tecnologia de Bem-estar, Processo Seletivo, Guia de Carreira, O futuro da Tecnologia",Mano Deyvin,Desenvolvimento Android
20/11/2023 12:15:15,Atividades relacionadas às pesquisas em desenvolvimento na área de TI.,"Computação em Nuvem, Cíber Segurança, UX e UI, Ciência de Dados, Desenvolvimento Full-Stack, Desenvolvimento Mobile",Atividades relacionadas às pesquisas em desenvolvimento na área de TI.,"Estrutura de Dados, Linguagens de Programação, Algoritmos em Grafos, Computação Gráfica, Padrões de Projetos, Interação Humano-Computador",Não,Jogos eletrônicos,Atividades relacionadas ao mercado de trabalho.,,,
20/11/2023 12:15:25,Atividades relacionadas ao mercado de trabalho.,"Realidade Aumentada (AR), Realidade Mista (MR), Realidade Virtual (VR) e Realidade Extendida, Inteligência Artificial, Imagem Digital, Drones, Machine Learning, Computação Quântica, Robótica, Cidades inteligentes, Tecnologia Espacial, Ciência de Dados",Atividades Culturais!,"Estrutura de Dados, Linguagens de Programação, Computação Gráfica, Gerência de Projetos de Software, Compiladores, Sistemas Distribuídos, Matemática Computacional, Sistemas Multiagentes",Não,"Hackathon, Jogos eletrônicos, Jogos de Tabuleiro, Escape Room, Maratona de Programação, Competição de Just Dance, Experiência de Realidade Virtual, Sessão de Forró",Atividades relacionadas às pesquisas em desenvolvimento na área de TI.,"Entretenimento e Conteúdo digital, O futuro da Tecnologia",,
20/11/2023 12:16:56,Atividades relacionadas ao mercado de trabalho.,"Tecnologias 5G, Acessibilidade Digital, Realidade Aumentada (AR), Realidade Mista (MR), Realidade Virtual (VR) e Realidade Extendida, Inteligência Artificial, Blockchain, Computação em Nuvem, Cíber Segurança, Imagem Digital, Drones, Tecnologia na Educação, Varejo de alta tecnologia/comércio eletrônico, Computação Quântica, Cidades inteligentes, Tecnologia Espacial, Empreendedorismo e Inovação, UX e UI, QA (Quality Assurance), Gestão de projetos, Segurança da Internet, Ciência de Dados, Impressão 3D, Desenvolvimento Back-end, Desenvolvimento Front-end, Desenvolvimento Full-Stack, DevOps, Metodologias Ágeis, Metaverso",Atividades relacionadas às pesquisas em desenvolvimento na área de TI.,"Arquitetura de Computadores, Estrutura de Dados, Linguagens de Programação, Computação Gráfica, Sistemas Operacionais, Padrões de Projetos, Gerência de Projetos de Software, Interação Humano-Computador, Redes de Computadores, Qualidade de Software, Manutenção de Software, Linguagens Formais e Autômatos, Compiladores, Sistemas Distribuídos, Sistemas Multiagentes",Não,,,"Entretenimento e Conteúdo digital, Marketing e Publicidade, Tecnologia de Bem-estar, Processo Seletivo, Guia de Carreira, Mercado Financeiro, O futuro da Tecnologia",mark zuckerberg,competições em geral
20/11/2023 12:19:32,Atividades relacionadas ao mercado de trabalho.,"Tecnologias 5G, Realidade Aumentada (AR), Realidade Mista (MR), Realidade Virtual (VR) e Realidade Extendida, Inteligência Artificial, Blockchain, Computação em Nuvem, Cíber Segurança, Moeda Digital/Criptomoeda, Machine Learning, Computação Quântica, Robótica, Casa Inteligentes, Tecnologia Espacial, Tecnologia Esportiva, UX e UI, Ciência de Dados, Desenvolvimento Full-Stack, Testes Automatizados",Atividades relacionadas às pesquisas em desenvolvimento na área de TI.,"Arquitetura de Computadores, Estrutura de Dados, Linguagens de Programação, Algoritmos em Grafos, Computação Gráfica, Sistemas Operacionais, Padrões de Projetos, Gerência de Projetos de Software, Interação Humano-Computador, Redes de Computadores, Qualidade de Software, Verificação e Validação, Manutenção de Software, Arquitetura de Software, Linguagens Formais e Autômatos, Compiladores, Sistemas Distribuídos, Matemática Computacional, Sistemas Multiagentes",Atividades Culturais!,"Hackathon, Shows musicais, Jogos eletrônicos, Jogos de Tabuleiro, Maratona de Programação, Apresentações teatrais, Exposição de arte, Experiência de Realidade Virtual, Oficinas de Tecnologia e Arte, Contação de Histórias, Apresentação de literatura e poesia",Não,"Entretenimento e Conteúdo digital, Saúde Mental, Estilo de vida e Família, Jogos e Esportes, Marketing e Publicidade, Tecnologia de Bem-estar, Guia de Carreira, Mercado Financeiro, O futuro da Tecnologia",,
20/11/2023 12:21:38,Atividades relacionadas às pesquisas em desenvolvimento na área de TI.,"Realidade Aumentada (AR), Realidade Mista (MR), Realidade Virtual (VR) e Realidade Extendida, Inteligência Artificial, Machine Learning, Ciência de Dados, Impressão 3D, Desenvolvimento Back-end, Desenvolvimento Front-end, Desenvolvimento Full-Stack, DevOps, Desenvolvimento Mobile",Atividades relacionadas às pesquisas em desenvolvimento na área de TI.,"Arquitetura de Computadores, Estrutura de Dados, Linguagens de Programação, Desenvolvimento de jogos",Não,,,"Entretenimento e Conteúdo digital, Jogos e Esportes, Guia de Carreira, O futuro da Tecnologia",,
20/11/2023 12:22:01,Atividades Culturais!,"Tecnologias 5G, Acessibilidade Digital, Realidade Aumentada (AR), Realidade Mista (MR), Realidade Virtual (VR) e Realidade Extendida, Inteligência Artificial, Imagem Digital, Robótica, Cidades inteligentes, Casa Inteligentes, Eletrônicos Inteligentes, Tecnologia Espacial, Tecnologia Esportiva, Sustentabilidade, UX e UI, Impressão 3D, Desenvolvimento Full-Stack, Metaverso, Desenvolvimento Mobile",Atividades relacionadas às pesquisas em desenvolvimento na área de TI.,"Computação Gráfica, Interação Humano-Computador, Redes de Computadores, Linguagens Formais e Autômatos",Não,"Hackathon, Shows musicais, Jogos eletrônicos, Jogos de Tabuleiro, Sala de Descompressão, Maratona de Programação, Sessão de RPG, Competição de Just Dance, Shows de arte, Apresentações teatrais, Exposição de arte, Experiência de Realidade Virtual, Oficinas de Tecnologia e Arte, Espetáculo de dança",Atividades relacionadas às pesquisas em desenvolvimento na área de TI.,"Tecnologia de Bem-estar, O futuro da Tecnologia",,
20/11/2023 12:24:54,Atividades relacionadas ao mercado de trabalho.,"LGPD, UX e UI, QA (Quality Assurance), Gestão de projetos, Ciência de Dados, Desenvolvimento Front-end, DevOps, Elicitação de Requisitos, Metodologias Ágeis, Metodologias Prescritivas, Documentação de Software, Desenvolvimento Mobile",Atividades relacionadas às pesquisas em desenvolvimento na área de TI.,"Computação Gráfica, Padrões de Projetos, Gerência de Projetos de Software, Interação Humano-Computador, Qualidade de Software, Verificação e Validação",Atividades Culturais!,"Jogos eletrônicos, Jogos de Tabuleiro, Sessão de RPG, Shows de arte, Apresentações teatrais, Exposição de arte, Experiência de Realidade Virtual, Oficinas de Tecnologia e Arte",Não,"Saúde Mental, Jogos e Esportes, Tecnologia de Bem-estar, Guia de Carreira, O futuro da Tecnologia",,
20/11/2023 12:27:59,Atividades relacionadas às pesquisas em desenvolvimento na área de TI.,"Acessibilidade Digital, Realidade Aumentada (AR), Realidade Mista (MR), Realidade Virtual (VR) e Realidade Extendida, Inteligência Artificial, Blockchain, Computação em Nuvem, Cíber Segurança, Moeda Digital/Criptomoeda, LGPD, Computação Quântica, Cidades inteligentes, Sustentabilidade, UX e UI, Segurança da Internet, Ciência de Dados, Impressão 3D, Desenvolvimento Back-end, Desenvolvimento Front-end, Desenvolvimento Full-Stack, DevOps, Metodologias Ágeis, Metaverso",Atividades Culturais!,"Arquitetura de Computadores, Linguagens de Programação, Computação Gráfica, Sistemas Operacionais, Interação Humano-Computador, Linguagens Formais e Autômatos",Atividades relacionadas ao mercado de trabalho.,"Shows musicais, Jogos eletrônicos, Jogos de Tabuleiro, Competição de Cosplay, Sessão de RPG, Experiência de Realidade Virtual",Não,"Entretenimento e Conteúdo digital, Jogos e Esportes, Marketing e Publicidade","Space Coding, Gi Bordignon",Competição de dança
20/11/2023 12:28:26,Atividades relacionadas ao mercado de trabalho.,"Realidade Aumentada (AR), Realidade Mista (MR), Realidade Virtual (VR) e Realidade Extendida, Inteligência Artificial, Computação em Nuvem, Cíber Segurança, Moeda Digital/Criptomoeda, Computação Quântica, Robótica, Empreendedorismo e Inovação, Gestão de projetos, Segurança da Internet, Ciência de Dados, Desenvolvimento Back-end",Atividades relacionadas às pesquisas em desenvolvimento na área de TI.,"Arquitetura de Computadores, Linguagens de Programação, Computação Gráfica, Sistemas Operacionais, Redes de Computadores",Atividades Culturais!,"Hackathon, Jogos eletrônicos, Jogos de Tabuleiro, Sala de Descompressão, Competição de Just Dance, Apresentações teatrais, Experiência de Realidade Virtual, Sessão de Hit Dance, Sessão de Forró",Não,"Saúde Mental, Fitness, Jogos e Esportes, Marketing e Publicidade, Processo Seletivo, Guia de Carreira, Mercado Financeiro, O futuro da Tecnologia",,
20/11/2023 12:29:02,Atividades relacionadas ao mercado de trabalho.,"Tecnologias 5G, Realidade Aumentada (AR), Realidade Mista (MR), Realidade Virtual (VR) e Realidade Extendida, Inteligência Artificial, Drones, Machine Learning, UX e UI, Desenvolvimento Full-Stack, DevOps, Elicitação de Requisitos, Metodologias Ágeis, Metaverso, Testes Automatizados, Documentação de Software",Atividades Culturais!,"Arquitetura de Computadores, Estrutura de Dados, Gerência de Projetos de Software, Interação Humano-Computador, Qualidade de Software, Verificação e Validação",Atividades relacionadas ao mercado de trabalho.,"Hackathon, Jogos eletrônicos, Jogos de Tabuleiro, Escape Room, Competição de Cosplay, Sessão de RPG",Não,"Entretenimento e Conteúdo digital, Jogos e Esportes, Marketing e Publicidade, Mercado Financeiro, O futuro da Tecnologia, ","O felipe deschamps, o pessoal da BMO, as startups do campus, e algumas pessoas da bolha dev",
20/11/2023 12:31:01,Atividades relacionadas ao mercado de trabalho.,"Inteligência Artificial, QA (Quality Assurance)",Atividades Culturais!,,,"Jogos eletrônicos, Competição de Just Dance, Experiência de Realidade Virtual",Não,"Jogos e Esportes, Marketing e Publicidade, Tecnologia de Bem-estar",,
20/11/2023 12:31:37,Atividades relacionadas às pesquisas em desenvolvimento na área de TI.,"Realidade Aumentada (AR), Realidade Mista (MR), Realidade Virtual (VR) e Realidade Extendida, Inteligência Artificial, Tecnologia na Educação, Machine Learning, UX e UI, Elicitação de Requisitos, Metodologias Ágeis",Atividades Culturais!,"Estrutura de Dados, Matemática Computacional",Atividades relacionadas ao mercado de trabalho.,"Barraca de Comidas Típicas, Shows musicais, Jogos eletrônicos, Sala de Descompressão, Maratona de Programação, Competição de Just Dance, Apresentações teatrais, Exposição de arte, Sessão de Hit Dance",Não,"Saúde Mental, Jogos e Esportes, Marketing e Publicidade, Mercado Financeiro, O futuro da Tecnologia",,
20/11/2023 12:33:41,Atividades relacionadas às pesquisas em desenvolvimento na área de TI.,"Realidade Aumentada (AR), Realidade Mista (MR), Realidade Virtual (VR) e Realidade Extendida, Cíber Segurança, Machine Learning, Computação Quântica, Tecnologia Esportiva, Sustentabilidade, Empreendedorismo e Inovação, Desenvolvimento Back-end, Documentação de Software, Dev de games ",Atividades Culturais!,"Linguagens de Programação, Computação Gráfica",Atividades Culturais!,"Competição de Cosplay, Maratona de Programação, Sessão de RPG, Experiência de Realidade Virtual",Não,"Saúde Mental, Jogos e Esportes, Tecnologia de Bem-estar, Mercado Financeiro, O futuro da Tecnologia",COXINHA E DOQUINHA,Campeonatos de games 
20/11/2023 12:34:22,Atividades relacionadas ao mercado de trabalho.,"LGPD, Casa Inteligentes, Sustentabilidade, Segurança da Internet, Ciência de Dados, Impressão 3D, Desenvolvimento Back-end, Testes Automatizados, Desenvolvimento Mobile",Atividades Culturais!,,,"Barraca de Comidas Típicas, Jogos eletrônicos, Escape Room, Sala de Descompressão, Sessão de RPG, Apresentações teatrais, Exposição de arte, Sessão de Hit Dance",Não,"Entretenimento e Conteúdo digital, Saúde Mental, Fitness, Jogos e Esportes, Processo Seletivo, Guia de Carreira",,Criptografia 
20/11/2023 12:37:48,Atividades relacionadas às pesquisas em desenvolvimento na área de TI.,"Tecnologias 5G, Acessibilidade Digital, Realidade Aumentada (AR), Realidade Mista (MR), Realidade Virtual (VR) e Realidade Extendida, Inteligência Artificial, Cíber Segurança, Computação Quântica, Desenvolvimento Back-end, Desenvolvimento Full-Stack, DevOps",Não,"Estrutura de Dados, Linguagens de Programação, Computação Gráfica, Arquitetura de Software, Matemática Computacional",Atividades relacionadas ao mercado de trabalho.,,,"Entretenimento e Conteúdo digital, Saúde Mental, Jogos e Esportes, Guia de Carreira, Mercado Financeiro"," Flávio Silva, Marcelo Finger, Ana Melo, Jovem Tranquilao, Mano Deyvin, Lorene Fadel","Hackaton, acho que poderia ter uma igual a desse ano e poderia ter outra onde a gente tem que criar algo e nao so resolver desafios"
20/11/2023 12:38:34,Atividades Culturais!,,,,,"Hackathon, Barraca de Comidas Típicas, Jogos eletrônicos, Competição de Cosplay, Maratona de Programação, Sessão de RPG, Competição de Just Dance, Shows de arte, Exposição de arte, Experiência de Realidade Virtual, Contação de Histórias, Apresentação de literatura e poesia, Sessão de Hit Dance, Sessão de Forró",Não,"Saúde Mental, Fitness, Guia de Carreira, Mercado Financeiro, O futuro da Tecnologia","Fabio Akita, Mano deyvin, Picolo, rodrigos Branas, ","Um ringue de luta dicente vs docente, para tirar o melhor proveito desta atividade é esparado que forneçam as proteções."
20/11/2023 12:39:11,Atividades relacionadas ao mercado de trabalho.,"Imagem Digital, IoT/Sesnsores, Sustentabilidade",Atividades Culturais!,,,"Ideathon, Jogos eletrônicos, Sala de Descompressão, Exposição de arte, Oficinas de Tecnologia e Arte",Não,"Saúde Mental, Fitness, Jogos e Esportes, Marketing e Publicidade, Tecnologia de Bem-estar",,
20/11/2023 12:40:04,Atividades relacionadas ao mercado de trabalho.,"Acessibilidade Digital, Realidade Aumentada (AR), Realidade Mista (MR), Realidade Virtual (VR) e Realidade Extendida, Inteligência Artificial, Computação em Nuvem, Cíber Segurança, Drones, Machine Learning, Robótica, Eletrônicos Inteligentes, Tecnologia Espacial, Sustentabilidade, UX e UI, Gestão de projetos, Segurança da Internet, Ética na computação, Ciência de Dados, Impressão 3D, Desenvolvimento Back-end, DevOps, Elicitação de Requisitos, Metaverso, Documentação de Software, Desenvolvimento Mobile",Atividades Culturais!,"Arquitetura de Computadores, Estrutura de Dados, Linguagens de Programação, Algoritmos em Grafos, Computação Gráfica, Padrões de Projetos, Gerência de Projetos de Software, Interação Humano-Computador, Game Design",Não,"Hackathon, Barraca de Comidas Típicas, Shows musicais, Jogos eletrônicos, Jogos de Tabuleiro, Escape Room, Competição de Cosplay, Sala de Descompressão, Maratona de Programação, Sessão de RPG, Competição de Just Dance, Apresentações teatrais, Experiência de Realidade Virtual, Espetáculo de dança, Contação de Histórias, Sessão de Hit Dance, Sessão de Forró",Atividades relacionadas às pesquisas em desenvolvimento na área de TI.,"Entretenimento e Conteúdo digital, Fitness, Jogos e Esportes, Processo Seletivo, Guia de Carreira, O futuro da Tecnologia, Preparação de currículo",Daniel Lacerda,Karaoke
20/11/2023 13:01:47,Atividades relacionadas ao mercado de trabalho.,"Acessibilidade Digital, UX e UI, Desenvolvimento Front-end",Não,,,,,"Fitness, Marketing e Publicidade, Processo Seletivo, Guia de Carreira","https://instagram.com/designfromhuman?igshid=NGVhN2U2NjQ0Yg==

https://instagram.com/thaishipolito?igshid=NGVhN2U2NjQ0Yg==

https://instagram.com/ninatalks?igshid=NGVhN2U2NjQ0Yg==

https://instagram.com/richardrx?igshid=NGVhN2U2NjQ0Yg==

https://instagram.com/andrevalentim?igshid=NGVhN2U2NjQ0Yg==

https://instagram.com/descomplicandosites?igshid=NGVhN2U2NjQ0Yg==

https://instagram.com/gilbertoprado.design?igshid=NGVhN2U2NjQ0Yg==",
20/11/2023 13:05:27,Atividades relacionadas às pesquisas em desenvolvimento na área de TI.,"Tecnologias 5G, Cíber Segurança, Machine Learning, Varejo de alta tecnologia/comércio eletrônico, LGPD, Ciência de Dados, Testes Automatizados",Não,"Estrutura de Dados, Computação Gráfica, Gerência de Projetos de Software, Verificação e Validação, Manutenção de Software, Arquitetura de Software",Atividades Culturais!,"Hackathon, Barraca de Comidas Típicas, Jogos eletrônicos, Jogos de Tabuleiro, Sala de Descompressão, Espetáculo de dança",Atividades relacionadas ao mercado de trabalho.,"Entretenimento e Conteúdo digital, Marketing e Publicidade, O futuro da Tecnologia",,
20/11/2023 13:06:23,Atividades relacionadas ao mercado de trabalho.,"Tecnologias 5G, Acessibilidade Digital, Inteligência Artificial, Computação em Nuvem, Cíber Segurança, Moeda Digital/Criptomoeda, Drones, IoT/Sesnsores, Computação Quântica, Cidades inteligentes, Tecnologia Espacial, UX e UI, Ciência de Dados, Impressão 3D, Desenvolvimento Back-end, Desenvolvimento Front-end, Desenvolvimento Full-Stack, DevOps, Metaverso, Desenvolvimento Mobile",Atividades relacionadas às pesquisas em desenvolvimento na área de TI.,"Estrutura de Dados, Algoritmos em Grafos, Interação Humano-Computador, Matemática Computacional",Atividades Culturais!,"Ideathon, Shows musicais, Jogos eletrônicos, Jogos de Tabuleiro, Escape Room, Competição de Cosplay, Sala de Descompressão, Maratona de Programação, Shows de arte, Apresentações teatrais, Exposição de arte, Experiência de Realidade Virtual, Sessão de Forró",Não,"Saúde Mental, Marketing e Publicidade, Guia de Carreira, Mercado Financeiro, O futuro da Tecnologia","Guanabara, coisa de nerd, o Iberê manual do mundo.",
20/11/2023 13:10:28,Atividades relacionadas ao mercado de trabalho.,Tecnologia Espacial,Não,,,,,Fitness,,
20/11/2023 13:22:53,Atividades relacionadas ao mercado de trabalho.,"Acessibilidade Digital, Realidade Aumentada (AR), Realidade Mista (MR), Realidade Virtual (VR) e Realidade Extendida, Inteligência Artificial, Drones, Tecnologia na Educação, Machine Learning, Casa Inteligentes, Eletrônicos Inteligentes, Tecnologia Esportiva, UX e UI, QA (Quality Assurance), Gestão de projetos, Segurança da Internet, Desenvolvimento Back-end, Desenvolvimento Front-end, Desenvolvimento Full-Stack, Metaverso, Documentação de Software, Desenvolvimento Mobile",Atividades relacionadas às pesquisas em desenvolvimento na área de TI.,"Arquitetura de Computadores, Linguagens de Programação, Algoritmos em Grafos, Computação Gráfica, Sistemas Operacionais, Gerência de Projetos de Software, Interação Humano-Computador, Qualidade de Software, Verificação e Validação, Manutenção de Software, Arquitetura de Software",Atividades Culturais!,"Hackathon, Barraca de Comidas Típicas, Shows musicais, Jogos eletrônicos, Jogos de Tabuleiro, Escape Room, Competição de Cosplay, Sala de Descompressão, Competição de Just Dance, Shows de arte, Apresentações teatrais, Experiência de Realidade Virtual, Espetáculo de dança, Sessão de Hit Dance, Sessão de Forró",Não,"Entretenimento e Conteúdo digital, Saúde Mental, Estilo de vida e Família, Fitness, Jogos e Esportes, Marketing e Publicidade, Tecnologia de Bem-estar, Processo Seletivo, Guia de Carreira, Mercado Financeiro, O futuro da Tecnologia",Anderson Feitoza,ping pong
20/11/2023 13:25:29,Atividades relacionadas ao mercado de trabalho.,"Acessibilidade Digital, Realidade Aumentada (AR), Realidade Mista (MR), Realidade Virtual (VR) e Realidade Extendida, UX e UI, Gestão de projetos, Desenvolvimento Front-end, Elicitação de Requisitos",Não,,,,,"Estilo de vida e Família, Marketing e Publicidade, Processo Seletivo, Guia de Carreira, Mercado Financeiro",Otávio Miranda (Ele tem uma didática muito boa).,
20/11/2023 13:44:28,Atividades relacionadas às pesquisas em desenvolvimento na área de TI.,,,"Estrutura de Dados, Algoritmos em Grafos, Interação Humano-Computador, Qualidade de Software, Verificação e Validação",Atividades Culturais!,"Hackathon, Shows musicais, Shows de arte, Contação de Histórias",Não,"Saúde Mental, Estilo de vida e Família","Prof. Gustavo Guanabara, Leon (Coisa de Nerd), Rafaela Balerini e Fernanda Kipper.",
20/11/2023 14:10:20,Atividades relacionadas às pesquisas em desenvolvimento na área de TI.,"Tecnologias 5G, Realidade Aumentada (AR), Realidade Mista (MR), Realidade Virtual (VR) e Realidade Extendida, Inteligência Artificial, Drones, IoT/Sesnsores, Robótica, Cidades inteligentes, Casa Inteligentes, Eletrônicos Inteligentes, Tecnologia Espacial, Tecnologia Esportiva, UX e UI, Desenvolvimento Back-end, Desenvolvimento Front-end, Desenvolvimento Full-Stack, Metaverso, Desenvolvimento Mobile",Não,Inteligência artificial ,Atividades relacionadas ao mercado de trabalho.,,,"Entretenimento e Conteúdo digital, Fitness, Jogos e Esportes, Tecnologia de Bem-estar, O futuro da Tecnologia",Sandro Mesquita,
20/11/2023 14:16:58,Atividades relacionadas ao mercado de trabalho.,"Realidade Aumentada (AR), Realidade Mista (MR), Realidade Virtual (VR) e Realidade Extendida, Inteligência Artificial, Computação Quântica, Empreendedorismo e Inovação, Desenvolvimento Back-end, Elicitação de Requisitos",Atividades Culturais!,,,"Barraca de Comidas Típicas, Shows musicais, Maratona de Programação, Experiência de Realidade Virtual",Não,"Entretenimento e Conteúdo digital, Processo Seletivo, Guia de Carreira, O futuro da Tecnologia","Guanabara, Codigo Fonte TV, Deschamps",
20/11/2023 14:55:10,Atividades relacionadas às pesquisas em desenvolvimento na área de TI.,"Tecnologias 5G, Inteligência Artificial, Computação em Nuvem, Drones, Tecnologia na Educação, IoT/Sesnsores, Robótica, Cidades inteligentes, Casa Inteligentes, Eletrônicos Inteligentes, Tecnologia Esportiva, Segurança da Internet, Impressão 3D, Desenvolvimento Full-Stack, Metaverso, Desenvolvimento Mobile",Atividades relacionadas às pesquisas em desenvolvimento na área de TI.,"Computação Gráfica, Sistemas Operacionais, Padrões de Projetos, Gerência de Projetos de Software, Interação Humano-Computador, Manutenção de Software",Atividades Culturais!,"Jogos eletrônicos, Escape Room, Maratona de Programação, Exposição de arte, Experiência de Realidade Virtual, Oficinas de Tecnologia e Arte",Não,"Entretenimento e Conteúdo digital, Jogos e Esportes, Processo Seletivo, Guia de Carreira, O futuro da Tecnologia","Guanabara, space coding, dianacode",Formas de se manter motivado para tecnologia
20/11/2023 14:59:26,Atividades relacionadas ao mercado de trabalho.,"Tecnologias 5G, Acessibilidade Digital, Realidade Aumentada (AR), Realidade Mista (MR), Realidade Virtual (VR) e Realidade Extendida, Inteligência Artificial, Cíber Segurança, Imagem Digital, Varejo de alta tecnologia/comércio eletrônico, Cidades inteligentes, Casa Inteligentes, Eletrônicos Inteligentes, Tecnologia Espacial, Tecnologia Esportiva, UX e UI, QA (Quality Assurance), Gestão de projetos, Testes Automatizados, Documentação de Software, Desenvolvimento Mobile",Atividades Culturais!,"Linguagens de Programação, Qualidade de Software, Verificação e Validação, Manutenção de Software",Atividades relacionadas ao mercado de trabalho.,"Barraca de Comidas Típicas, Shows musicais, Jogos eletrônicos, Jogos de Tabuleiro, Escape Room, Sala de Descompressão, Maratona de Programação, Shows de arte, Apresentações teatrais, Exposição de arte, Experiência de Realidade Virtual, Espetáculo de dança, Sessão de Hit Dance, Sessão de Forró",Não,"Entretenimento e Conteúdo digital, Marketing e Publicidade, Mercado Financeiro",Guanabara,
20/11/2023 15:08:55,Atividades relacionadas às pesquisas em desenvolvimento na área de TI.,"Tecnologias 5G, Realidade Aumentada (AR), Realidade Mista (MR), Realidade Virtual (VR) e Realidade Extendida, Inteligência Artificial, Computação em Nuvem, Cíber Segurança, Computação Quântica, Robótica, Casa Inteligentes, Eletrônicos Inteligentes, Tecnologia Espacial, Tecnologia Esportiva, UX e UI, QA (Quality Assurance), Gestão de projetos, Segurança da Internet, Ciência de Dados, Impressão 3D, Desenvolvimento Back-end, Desenvolvimento Front-end, Desenvolvimento Full-Stack, DevOps, Metaverso, Testes Automatizados",Atividades Culturais!,"Estrutura de Dados, Linguagens de Programação, Computação Gráfica, Gerência de Projetos de Software, Interação Humano-Computador, Qualidade de Software, Verificação e Validação, Manutenção de Software, Arquitetura de Software",Atividades relacionadas ao mercado de trabalho.,"Hackathon, Jogos eletrônicos, Jogos de Tabuleiro, Escape Room, Competição de Cosplay, Competição de Just Dance, Exposição de arte, Experiência de Realidade Virtual, Oficinas de Tecnologia e Arte",Não,"Fitness, Jogos e Esportes, Guia de Carreira, Mercado Financeiro, O futuro da Tecnologia",,
20/11/2023 16:00:46,Atividades relacionadas ao mercado de trabalho.,"Tecnologias 5G, Realidade Aumentada (AR), Realidade Mista (MR), Realidade Virtual (VR) e Realidade Extendida, Inteligência Artificial, Computação em Nuvem, Cíber Segurança, Imagem Digital, Drones, Machine Learning, Varejo de alta tecnologia/comércio eletrônico, IoT/Sesnsores, Computação Quântica, Robótica, Casa Inteligentes, Tecnologia Espacial, Sustentabilidade, Segurança da Internet, Ciência de Dados, Impressão 3D, Desenvolvimento Back-end, Desenvolvimento Front-end, Desenvolvimento Full-Stack, DevOps, Desenvolvimento Mobile",Atividades relacionadas às pesquisas em desenvolvimento na área de TI.,"Computação Gráfica, Interação Humano-Computador, Redes de Computadores, Sistemas Distribuídos, Sistemas Multiagentes",Atividades Culturais!,"Hackathon, Barraca de Comidas Típicas, Shows musicais, Jogos eletrônicos, Jogos de Tabuleiro, Escape Room, Competição de Cosplay, Maratona de Programação, Competição de Just Dance, Shows de arte, Experiência de Realidade Virtual, Oficinas de Tecnologia e Arte, Contação de Histórias, Sessão de Forró",Não,"Entretenimento e Conteúdo digital, Fitness, Jogos e Esportes, Processo Seletivo, Guia de Carreira, Mercado Financeiro, O futuro da Tecnologia","Profa. Dra.  Rossana Andrade, Prof. Me. Pitágoras Graça Martins, Rafaella Ballerini, Débora Ruth",Salas Temáticas e cinema ou apresentação teatral.
20/11/2023 16:07:17,Atividades relacionadas ao mercado de trabalho.,"Tecnologias 5G, Acessibilidade Digital, Inteligência Artificial, Cíber Segurança, Machine Learning, Robótica, Sustentabilidade, UX e UI, Segurança da Internet, Ciência de Dados, Desenvolvimento Back-end, Desenvolvimento Front-end, Desenvolvimento Full-Stack, Documentação de Software, Desenvolvimento Mobile",Atividades relacionadas às pesquisas em desenvolvimento na área de TI.,"Estrutura de Dados, Algoritmos em Grafos, Computação Gráfica, Redes de Computadores, Compiladores, Matemática Computacional",Não,,,"Entretenimento e Conteúdo digital, Saúde Mental, Fitness, Jogos e Esportes, Guia de Carreira, Mercado Financeiro",,
20/11/2023 16:19:09,Atividades Culturais!,"Tecnologias 5G, Acessibilidade Digital, Realidade Aumentada (AR), Realidade Mista (MR), Realidade Virtual (VR) e Realidade Extendida, Inteligência Artificial, Drones, Computação Quântica, Robótica, Casa Inteligentes, Tecnologia Espacial, UX e UI, Impressão 3D, Desenvolvimento Back-end, Desenvolvimento Front-end, Desenvolvimento Full-Stack, DevOps, Documentação de Software, Desenvolvimento Mobile",Atividades relacionadas às pesquisas em desenvolvimento na área de TI.,"Arquitetura de Computadores, Linguagens de Programação, Computação Gráfica, Gerência de Projetos de Software, Verificação e Validação, Arquitetura de Software, Matemática Computacional",Não,"Hackathon, Barraca de Comidas Típicas, Shows musicais, Jogos eletrônicos, Escape Room, Competição de Cosplay, Maratona de Programação, Experiência de Realidade Virtual, Oficinas de Tecnologia e Arte, Espetáculo de dança",Atividades relacionadas ao mercado de trabalho.,"Entretenimento e Conteúdo digital, Jogos e Esportes, Marketing e Publicidade, Guia de Carreira, Mercado Financeiro, O futuro da Tecnologia",,
20/11/2023 16:51:22,Atividades relacionadas às pesquisas em desenvolvimento na área de TI.,"Inteligência Artificial, Blockchain, Computação em Nuvem, Cíber Segurança, Machine Learning, Robótica, Casa Inteligentes, Sustentabilidade, Empreendedorismo e Inovação, UX e UI, QA (Quality Assurance), Gestão de projetos, Segurança da Internet, Desenvolvimento Back-end, Desenvolvimento Front-end, Documentação de Software, Desenvolvimento Mobile",Atividades Culturais!,"Arquitetura de Computadores, Estrutura de Dados, Linguagens de Programação, Computação Gráfica, Gerência de Projetos de Software, Interação Humano-Computador, Qualidade de Software, Verificação e Validação",Atividades relacionadas ao mercado de trabalho.,"Hackathon, Ideathon, Barraca de Comidas Típicas, Shows musicais, Jogos eletrônicos, Jogos de Tabuleiro, Escape Room, Maratona de Programação, Shows de arte, Experiência de Realidade Virtual, Oficinas de Tecnologia e Arte",Não,"Saúde Mental, Jogos e Esportes, Guia de Carreira, Mercado Financeiro, O futuro da Tecnologia",,
20/11/2023 17:24:44,Atividades relacionadas ao mercado de trabalho.,"Inteligência Artificial, Cíber Segurança, IoT/Sesnsores, Sustentabilidade, UX e UI, Segurança da Internet, Ciência de Dados, DevOps, Documentação de Software",Atividades relacionadas às pesquisas em desenvolvimento na área de TI.,"Estrutura de Dados, Linguagens de Programação, Algoritmos em Grafos, Computação Gráfica, Interação Humano-Computador",Não,,,"Saúde Mental, Jogos e Esportes, Processo Seletivo, Guia de Carreira",,
20/11/2023 18:29:24,Atividades relacionadas às pesquisas em desenvolvimento na área de TI.,"Tecnologias 5G, Realidade Aumentada (AR), Realidade Mista (MR), Realidade Virtual (VR) e Realidade Extendida, Inteligência Artificial, Blockchain, Computação em Nuvem, Cíber Segurança, Moeda Digital/Criptomoeda, Imagem Digital, Drones, Machine Learning, IoT/Sesnsores, LGPD, Computação Quântica, Robótica, Cidades inteligentes, Casa Inteligentes, Eletrônicos Inteligentes, Tecnologia Espacial, UX e UI, QA (Quality Assurance), Segurança da Internet, Ciência de Dados, Impressão 3D, Desenvolvimento Back-end, Desenvolvimento Front-end, Desenvolvimento Full-Stack, DevOps, Elicitação de Requisitos, Metodologias Ágeis, Metodologias Prescritivas, Metaverso, Testes Automatizados, Documentação de Software, Desenvolvimento Mobile",Atividades Culturais!,"Arquitetura de Computadores, Estrutura de Dados, Linguagens de Programação, Computação Gráfica, Padrões de Projetos, Interação Humano-Computador, Redes de Computadores, Qualidade de Software, Verificação e Validação, Manutenção de Software, Arquitetura de Software, Linguagens Formais e Autômatos, Compiladores, Sistemas Distribuídos",Não,"Hackathon, Jogos eletrônicos, Jogos de Tabuleiro, Escape Room, Maratona de Programação, Shows de arte, Exposição de arte, Experiência de Realidade Virtual, Oficinas de Tecnologia e Arte",Atividades relacionadas às pesquisas em desenvolvimento na área de TI.,"Jogos e Esportes, Mercado Financeiro, O futuro da Tecnologia",⠀,⠀
20/11/2023 19:12:51,Atividades relacionadas ao mercado de trabalho.,Desenvolvimento Full-Stack,Atividades relacionadas às pesquisas em desenvolvimento na área de TI.,"Estrutura de Dados, Linguagens de Programação",Não,,,"Saúde Mental, Guia de Carreira, O futuro da Tecnologia",Fabio Akita,
20/11/2023 19:30:39,Atividades relacionadas às pesquisas em desenvolvimento na área de TI.,"Acessibilidade Digital, Blockchain, Moeda Digital/Criptomoeda, Drones, Tecnologia na Educação, LGPD, Cidades inteligentes, Segurança da Internet, Desenvolvimento Back-end, DevOps, Testes Automatizados, Documentação de Software",Atividades Culturais!,"Arquitetura de Computadores, Linguagens de Programação, Sistemas Operacionais, Qualidade de Software, Manutenção de Software, Arquitetura de Software, Linguagens Formais e Autômatos, Sistemas Distribuídos",Atividades relacionadas ao mercado de trabalho.,"Barraca de Comidas Típicas, Shows musicais, Maratona de Programação, Sessão de RPG, Competição de Just Dance, Apresentações teatrais, Contação de Histórias, Apresentação de literatura e poesia, Sessão de Forró",Não,"Saúde Mental, Jogos e Esportes, Processo Seletivo, Guia de Carreira",,
20/11/2023 19:52:04,Atividades relacionadas ao mercado de trabalho.,"Tecnologias 5G, Realidade Aumentada (AR), Realidade Mista (MR), Realidade Virtual (VR) e Realidade Extendida, Inteligência Artificial, Computação em Nuvem, Drones, Tecnologia na Educação, Cidades inteligentes, Casa Inteligentes, Tecnologia Espacial, Ciência de Dados, Análise de dados",Atividades relacionadas às pesquisas em desenvolvimento na área de TI.,"Algoritmos em Grafos, Interação Humano-Computador, Banco de Dados",Atividades Culturais!,"Hackathon, Barraca de Comidas Típicas, Jogos eletrônicos, Escape Room, Sala de Descompressão, Maratona de Programação, Experiência de Realidade Virtual",Não,"Entretenimento e Conteúdo digital, Processo Seletivo, Guia de Carreira, O futuro da Tecnologia","@kipper.dev
@bruno.jardim_pod
@kamila_code
@dev_steph
@ana.tech.dev
@machineisa
@ananeridev
@dianacodes
",
20/11/2023 20:53:18,Atividades relacionadas ao mercado de trabalho.,"Realidade Aumentada (AR), Realidade Mista (MR), Realidade Virtual (VR) e Realidade Extendida, Inteligência Artificial, Blockchain, Computação em Nuvem, Cíber Segurança, Drones, Tecnologia na Educação, LGPD, Computação Quântica, Robótica, Tecnologia Espacial, Sustentabilidade, UX e UI, QA (Quality Assurance), Ética na computação, Impressão 3D, Desenvolvimento Full-Stack, Metaverso, ",Atividades relacionadas às pesquisas em desenvolvimento na área de TI.,"Estrutura de Dados, Algoritmos em Grafos, Computação Gráfica, Interação Humano-Computador, Sistemas Distribuídos, Matemática Computacional",Atividades Culturais!,"Hackathon, Ideathon, Barraca de Comidas Típicas, Shows musicais, Jogos eletrônicos, Jogos de Tabuleiro, Escape Room, Competição de Cosplay, Sala de Descompressão, Maratona de Programação, Sessão de RPG, Competição de Just Dance, Shows de arte, Apresentações teatrais, Exposição de arte, Experiência de Realidade Virtual, Oficinas de Tecnologia e Arte, Espetáculo de dança, Contação de Histórias, Apresentação de literatura e poesia, Sessão de Hit Dance, Sessão de Forró",Não,"Entretenimento e Conteúdo digital, Saúde Mental, Estilo de vida e Família, Fitness, Jogos e Esportes, Marketing e Publicidade, Tecnologia de Bem-estar, Processo Seletivo, Mercado Financeiro, O futuro da Tecnologia","Camila Achutti, Katie Bouman, Gabriel Pato(hacker ético), Guanabara, Filipi deschamps, Manual do Mundo, Nina da hora, código fonte,. Especialista da google, meta, microsoft, apple.",
20/11/2023 21:11:31,Atividades relacionadas ao mercado de trabalho.,"Tecnologias 5G, Realidade Aumentada (AR), Realidade Mista (MR), Realidade Virtual (VR) e Realidade Extendida, Inteligência Artificial, Computação em Nuvem, Drones, Tecnologia na Educação, Cidades inteligentes, Tecnologia Espacial, Ciência de Dados, Metaverso, Análise de dados ",Atividades relacionadas às pesquisas em desenvolvimento na área de TI.,"Algoritmos em Grafos, Padrões de Projetos, Interação Humano-Computador, Banco de dados",Não,,,"Entretenimento e Conteúdo digital, Tecnologia de Bem-estar, Processo Seletivo, Guia de Carreira, Mercado Financeiro, O futuro da Tecnologia","Renato Chrestenzen(linkedln)
Anne Kariny Silva Freitas(linkedln)
@adriana.saty
@akaliueda
@bruno.jardim_pod
@kipper.dev
@dev_steph
@ananeridev
@dianacodes
@ana.tech.dev
@okamila_code",
20/11/2023 21:20:19,Atividades relacionadas ao mercado de trabalho.,"Tecnologias 5G, Realidade Aumentada (AR), Realidade Mista (MR), Realidade Virtual (VR) e Realidade Extendida, Computação em Nuvem, Cíber Segurança, Segurança da Internet, Ciência de Dados, Desenvolvimento Mobile",Atividades relacionadas às pesquisas em desenvolvimento na área de TI.,"Arquitetura de Computadores, Computação Gráfica, Sistemas Operacionais, Redes de Computadores, Arquitetura de Software",Não,,,"Jogos e Esportes, Tecnologia de Bem-estar, Processo Seletivo, Guia de Carreira, O futuro da Tecnologia",Vasco da Gama,
21/11/2023 00:57:18,Atividades relacionadas às pesquisas em desenvolvimento na área de TI.,"Inteligência Artificial, Computação em Nuvem, Cíber Segurança, Machine Learning, Wearables, Computação Quântica, Robótica, Cidades inteligentes, Ciência de Dados, Desenvolvimento Full-Stack, DevOps",Atividades Culturais!,"Linguagens de Programação, Algoritmos em Grafos, Sistemas Operacionais, Padrões de Projetos, Redes de Computadores, Linguagens Formais e Autômatos",Atividades relacionadas ao mercado de trabalho.,"Hackathon, Shows musicais, Jogos eletrônicos, Jogos de Tabuleiro, Escape Room, Competição de Cosplay, Sala de Descompressão, Maratona de Programação, Sessão de RPG, Shows de arte, Apresentações teatrais, Exposição de arte, Oficinas de Tecnologia e Arte",Não,"Saúde Mental, Processo Seletivo, O futuro da Tecnologia",,
21/11/2023 01:57:19,Atividades relacionadas ao mercado de trabalho.,"Varejo de alta tecnologia/comércio eletrônico, Casa Inteligentes, Eletrônicos Inteligentes, Sustentabilidade, Empreendedorismo e Inovação, UX e UI, QA (Quality Assurance), Gestão de projetos, DevOps, Metodologias Ágeis, Testes Automatizados",Atividades Culturais!,Qualidade de Software,Não,"Hackathon, Ideathon, Jogos eletrônicos, Jogos de Tabuleiro, Escape Room, Competição de Cosplay, Sala de Descompressão, Sessão de RPG, Shows de arte, Apresentações teatrais, Exposição de arte, Experiência de Realidade Virtual, Oficinas de Tecnologia e Arte",Atividades relacionadas às pesquisas em desenvolvimento na área de TI.,"Entretenimento e Conteúdo digital, Marketing e Publicidade, Tecnologia de Bem-estar, O futuro da Tecnologia",Fernando Papito,
21/11/2023 04:35:11,Atividades relacionadas às pesquisas em desenvolvimento na área de TI.,,,"Arquitetura de Computadores, Estrutura de Dados, Algoritmos em Grafos, Computação Gráfica, Interação Humano-Computador, Redes de Computadores, Matemática Computacional",Atividades Culturais!,"Hackathon, Ideathon, Barraca de Comidas Típicas, Shows musicais, Jogos eletrônicos, Jogos de Tabuleiro, Escape Room, Competição de Cosplay, Sala de Descompressão, Maratona de Programação, Sessão de RPG, Competição de Just Dance, Shows de arte, Apresentações teatrais, Exposição de arte, Experiência de Realidade Virtual, Oficinas de Tecnologia e Arte, Apresentação de literatura e poesia, Sessão de Hit Dance, Sessão de Forró",Não,"Saúde Mental, Fitness, Jogos e Esportes, Marketing e Publicidade, Tecnologia de Bem-estar, Mercado Financeiro, O futuro da Tecnologia",,
21/11/2023 06:50:25,Atividades Culturais!,"Tecnologias 5G, Acessibilidade Digital, Realidade Aumentada (AR), Realidade Mista (MR), Realidade Virtual (VR) e Realidade Extendida, Inteligência Artificial, Blockchain, Computação em Nuvem, Cíber Segurança, Drones, Tecnologia na Educação, LGPD, Cidades inteligentes, Casa Inteligentes, Empreendedorismo e Inovação, UX e UI, QA (Quality Assurance), Gestão de projetos, Testes Automatizados, Documentação de Software, Desenvolvimento Mobile",Não,"Sistemas Operacionais, Padrões de Projetos, Gerência de Projetos de Software, Interação Humano-Computador, Qualidade de Software, Arquitetura de Software, Matemática Computacional, Sistemas Multiagentes",Atividades relacionadas ao mercado de trabalho.,"Barraca de Comidas Típicas, Escape Room, Competição de Cosplay, Sala de Descompressão, Maratona de Programação, Sessão de RPG, Competição de Just Dance, Shows de arte, Apresentações teatrais, Exposição de arte, Experiência de Realidade Virtual, Oficinas de Tecnologia e Arte, Espetáculo de dança, Contação de Histórias, Apresentação de literatura e poesia, Sessão de Hit Dance, Sessão de Forró, ",Atividades relacionadas às pesquisas em desenvolvimento na área de TI.,"Entretenimento e Conteúdo digital, Saúde Mental, Estilo de vida e Família, Tecnologia de Bem-estar","George Valença, Adriana Lopes, Simone Junqueira, Milene Selbach, Ticiane Darin, Tayana Conte(Pf convidem a Tayana, convidem pf pf pf ENORME nome de ES no meio feminino nacional e internacional), A prof Luciana Zaina, o Capelo, orientador da Tati, a Rossana do Great.",Um intensivo abordando soft skills
21/11/2023 10:32:03,Atividades relacionadas ao mercado de trabalho.,"Tecnologias 5G, Cíber Segurança, Moeda Digital/Criptomoeda, Machine Learning, Computação Quântica, Robótica, Cidades inteligentes, Sustentabilidade, Empreendedorismo e Inovação, UX e UI, Gestão de projetos, Ciência de Dados, Desenvolvimento Back-end, Desenvolvimento Front-end, Desenvolvimento Full-Stack, DevOps, Documentação de Software, Desenvolvimento Mobile",Atividades relacionadas às pesquisas em desenvolvimento na área de TI.,"Estrutura de Dados, Linguagens de Programação, Algoritmos em Grafos, Computação Gráfica, Gerência de Projetos de Software, Interação Humano-Computador, Compiladores",Atividades Culturais!,"Hackathon, Barraca de Comidas Típicas, Shows musicais, Jogos eletrônicos, Jogos de Tabuleiro, Escape Room, Maratona de Programação, Apresentações teatrais, Exposição de arte, Apresentação de literatura e poesia, Sessão de Hit Dance, Sessão de Forró",Não,"Entretenimento e Conteúdo digital, Saúde Mental, Estilo de vida e Família, Fitness, Jogos e Esportes, Marketing e Publicidade, Tecnologia de Bem-estar, Mercado Financeiro, O futuro da Tecnologia",,
21/11/2023 13:47:17,Atividades Culturais!,"Tecnologias 5G, Acessibilidade Digital, Realidade Aumentada (AR), Realidade Mista (MR), Realidade Virtual (VR) e Realidade Extendida, Wearables, IoT/Sesnsores, Cidades inteligentes, Casa Inteligentes, Empreendedorismo e Inovação, UX e UI, Impressão 3D, Desenvolvimento Mobile",Não,,,"Shows musicais, Jogos eletrônicos, Competição de Cosplay, Sala de Descompressão, Competição de Just Dance, Exposição de arte, Experiência de Realidade Virtual, Oficinas de Tecnologia e Arte",Atividades relacionadas ao mercado de trabalho.,"Entretenimento e Conteúdo digital, Marketing e Publicidade, Guia de Carreira, O futuro da Tecnologia",,
21/11/2023 13:55:37,Atividades Culturais!,,,,,"Shows musicais, Jogos eletrônicos, Jogos de Tabuleiro, Escape Room, Competição de Just Dance, Experiência de Realidade Virtual, Espetáculo de dança",Não,"Entretenimento e Conteúdo digital, Saúde Mental, Estilo de vida e Família, Fitness, Jogos e Esportes, Marketing e Publicidade, Tecnologia de Bem-estar, O futuro da Tecnologia",,
21/11/2023 21:33:03,Atividades relacionadas ao mercado de trabalho.,"Acessibilidade Digital, Realidade Aumentada (AR), Realidade Mista (MR), Realidade Virtual (VR) e Realidade Extendida, Inteligência Artificial, Computação em Nuvem, Cíber Segurança, Drones, Machine Learning, Computação Quântica, Robótica, Eletrônicos Inteligentes, Tecnologia Espacial, Tecnologia Esportiva, Sustentabilidade, Empreendedorismo e Inovação, UX e UI, Segurança da Internet, Impressão 3D, Desenvolvimento Back-end, Desenvolvimento Front-end, Metaverso, Testes Automatizados, Desenvolvimento Mobile",Atividades relacionadas às pesquisas em desenvolvimento na área de TI.,"Estrutura de Dados, Linguagens de Programação, Computação Gráfica, Sistemas Operacionais, Interação Humano-Computador, Redes de Computadores, Sistemas Distribuídos, Matemática Computacional",Atividades Culturais!,"Hackathon, Ideathon, Jogos eletrônicos, Maratona de Programação, Experiência de Realidade Virtual, Apresentação de literatura e poesia",Não,"Saúde Mental, Fitness, Jogos e Esportes, Marketing e Publicidade, Tecnologia de Bem-estar, Guia de Carreira, Mercado Financeiro, O futuro da Tecnologia","Karol Attekita, Akari Ueda",Entrevistas (tipo um podcast) com personalidades.
22/11/2023 14:33:47,Atividades relacionadas às pesquisas em desenvolvimento na área de TI.,"Tecnologias 5G, Acessibilidade Digital, Realidade Aumentada (AR), Realidade Mista (MR), Realidade Virtual (VR) e Realidade Extendida, Inteligência Artificial, Blockchain, Computação em Nuvem, Cíber Segurança, Imagem Digital, Tecnologia na Educação, Machine Learning, IoT/Sesnsores, LGPD, Robótica, Empreendedorismo e Inovação, Segurança da Internet, Ética na computação, Ciência de Dados, Desenvolvimento Back-end, Desenvolvimento Front-end, Desenvolvimento Full-Stack, Elicitação de Requisitos, Metodologias Ágeis, Metaverso",Atividades Culturais!,"Arquitetura de Computadores, Estrutura de Dados, Linguagens de Programação, Algoritmos em Grafos, Padrões de Projetos, Gerência de Projetos de Software, Interação Humano-Computador, Redes de Computadores, Segurança da informação ",Atividades relacionadas ao mercado de trabalho.,"Shows musicais, Jogos eletrônicos, Escape Room, Competição de Cosplay, Maratona de Programação, Shows de arte, Exposição de arte, Oficinas de Tecnologia e Arte, Sessão de Hit Dance, Sessão de Forró",Não,"Entretenimento e Conteúdo digital, Saúde Mental, Jogos e Esportes, Marketing e Publicidade, Processo Seletivo, Guia de Carreira, O futuro da Tecnologia","Guanabara,Leonardo Leitão.","Atração musical, apresentação de teatro."
22/11/2023 19:16:20,Atividades relacionadas ao mercado de trabalho.,"Tecnologias 5G, Realidade Aumentada (AR), Realidade Mista (MR), Realidade Virtual (VR) e Realidade Extendida, Inteligência Artificial, Blockchain, Computação em Nuvem, Tecnologia na Educação, Wearables, Tecnologia Espacial, Tecnologia Esportiva, Desenvolvimento Back-end, Desenvolvimento Front-end, Desenvolvimento Full-Stack, DevOps, Testes Automatizados, Desenvolvimento Mobile",Atividades relacionadas às pesquisas em desenvolvimento na área de TI.,"Estrutura de Dados, Linguagens de Programação, Algoritmos em Grafos, Computação Gráfica, Padrões de Projetos, Arquitetura de Software, Linguagens Formais e Autômatos, Compiladores, Sistemas Distribuídos",Não,,,"Jogos e Esportes, Marketing e Publicidade, Tecnologia de Bem-estar, Processo Seletivo, Guia de Carreira, Mercado Financeiro, O futuro da Tecnologia","Bonieky Lacerda, Mario Soutinho, Balta, Fábio Akita","Docker, Kubernetes, MongoDB, Vue.js, .Net 8, Blazor"
24/11/2023 10:21:03,Atividades relacionadas ao mercado de trabalho.,"Realidade Aumentada (AR), Realidade Mista (MR), Realidade Virtual (VR) e Realidade Extendida, Inteligência Artificial, Imagem Digital, Tecnologia na Educação, Varejo de alta tecnologia/comércio eletrônico, LGPD, Tecnologia Espacial, Tecnologia Esportiva, Sustentabilidade, Empreendedorismo e Inovação, Gestão de projetos, Metodologias Ágeis, Metodologias Prescritivas",Atividades Culturais!,,,"Hackathon, Sala de Descompressão, Sessão de RPG, Apresentações teatrais, Experiência de Realidade Virtual, Oficinas de Tecnologia e Arte, Espetáculo de dança, Sessão de Hit Dance, Sessão de Forró",Não,"Saúde Mental, Fitness, Marketing e Publicidade, Mercado Financeiro",,
24/11/2023 12:49:43,Atividades relacionadas às pesquisas em desenvolvimento na área de TI.,"Inteligência Artificial, Cíber Segurança, Machine Learning, Computação Quântica, Robótica, Segurança da Internet, Desenvolvimento Full-Stack, Metaverso",Não,"Arquitetura de Computadores, Linguagens de Programação, Computação Gráfica, Matemática Computacional",Atividades Culturais!,"Hackathon, Barraca de Comidas Típicas, Shows musicais, Jogos eletrônicos, Jogos de Tabuleiro, Competição de Cosplay, Sala de Descompressão, Maratona de Programação, Sessão de RPG, Oficinas de Tecnologia e Arte, Espetáculo de dança",Atividades relacionadas ao mercado de trabalho.,"Entretenimento e Conteúdo digital, Saúde Mental, Jogos e Esportes, Marketing e Publicidade, Mercado Financeiro, O futuro da Tecnologia","Gustavo Guanabara , Código fonte ",.
24/11/2023 14:58:48,Atividades relacionadas ao mercado de trabalho.,"Inteligência Artificial, Cíber Segurança, Machine Learning, Computação Quântica, Robótica, Cidades inteligentes, Empreendedorismo e Inovação, Segurança da Internet, Ciência de Dados",Atividades relacionadas às pesquisas em desenvolvimento na área de TI.,"Estrutura de Dados, Algoritmos em Grafos, Gerência de Projetos de Software, Linguagens Formais e Autômatos, Matemática Computacional",Não,,,"Saúde Mental, Jogos e Esportes, Processo Seletivo, Guia de Carreira, O futuro da Tecnologia",Gustavo Guanabara,Gincana
24/11/2023 16:47:08,Atividades relacionadas ao mercado de trabalho.,"Inteligência Artificial, Blockchain, Cíber Segurança, Machine Learning, Varejo de alta tecnologia/comércio eletrônico, QA (Quality Assurance), Ciência de Dados, Desenvolvimento Full-Stack, DevOps, Elicitação de Requisitos",Atividades relacionadas às pesquisas em desenvolvimento na área de TI.,"Gerência de Projetos de Software, Interação Humano-Computador, Redes de Computadores, Qualidade de Software, Manutenção de Software, Arquitetura de Software",Atividades Culturais!,"Hackathon, Shows musicais, Jogos eletrônicos, Jogos de Tabuleiro, Competição de Cosplay, Maratona de Programação, Experiência de Realidade Virtual, Oficinas de Tecnologia e Arte",Não,"Processo Seletivo, Guia de Carreira, Mercado Financeiro, O futuro da Tecnologia","Guanabara, Peter ei nerd,  programadores senior, Qa senior, devps senior, alexandre professor (contar história de dev)",
24/11/2023 20:37:39,Atividades relacionadas ao mercado de trabalho.,"Inteligência Artificial, Tecnologia Esportiva, Desenvolvimento Full-Stack, Metaverso",Atividades relacionadas às pesquisas em desenvolvimento na área de TI.,"Computação Gráfica, Qualidade de Software",Não,,,"Entretenimento e Conteúdo digital, Jogos e Esportes, Marketing e Publicidade, Guia de Carreira, Mercado Financeiro","Augusuto Monteiro de Morada Nova, ceará",
24/11/2023 20:40:35,Atividades relacionadas ao mercado de trabalho.,"Tecnologias 5G, Inteligência Artificial, Computação em Nuvem, Cíber Segurança, Tecnologia na Educação, Machine Learning, Varejo de alta tecnologia/comércio eletrônico, Eletrônicos Inteligentes, Tecnologia Espacial, Tecnologia Esportiva, Sustentabilidade, Empreendedorismo e Inovação, UX e UI, QA (Quality Assurance), Gestão de projetos, Segurança da Internet, Ciência de Dados, Impressão 3D, Desenvolvimento Back-end, Desenvolvimento Front-end, Desenvolvimento Full-Stack, DevOps, Metodologias Ágeis, Metaverso, Testes Automatizados, Desenvolvimento Mobile",Atividades relacionadas às pesquisas em desenvolvimento na área de TI.,"Arquitetura de Computadores, Estrutura de Dados, Linguagens de Programação, Algoritmos em Grafos, Computação Gráfica, Sistemas Operacionais, Interação Humano-Computador, Redes de Computadores, Qualidade de Software, Verificação e Validação, Manutenção de Software, Arquitetura de Software, Linguagens Formais e Autômatos, Compiladores, Sistemas Distribuídos, Matemática Computacional, Sistemas Multiagentes",Não,,,"Entretenimento e Conteúdo digital, Saúde Mental, Estilo de vida e Família, Fitness, Jogos e Esportes, Marketing e Publicidade, Tecnologia de Bem-estar, Mercado Financeiro, O futuro da Tecnologia","Irmãos Dev, do canal Devemdobro",
24/11/2023 20:47:28,Atividades relacionadas ao mercado de trabalho.,"Tecnologias 5G, Acessibilidade Digital, Realidade Aumentada (AR), Realidade Mista (MR), Realidade Virtual (VR) e Realidade Extendida, Inteligência Artificial, Computação em Nuvem, Cíber Segurança, Moeda Digital/Criptomoeda, Imagem Digital, Tecnologia na Educação, Machine Learning, Computação Quântica, Cidades inteligentes, Casa Inteligentes, Eletrônicos Inteligentes, Tecnologia Espacial, UX e UI, Ciência de Dados, Desenvolvimento Back-end, Desenvolvimento Front-end, Desenvolvimento Full-Stack, DevOps",Atividades Culturais!,"Estrutura de Dados, Linguagens de Programação, Algoritmos em Grafos, Computação Gráfica, Interação Humano-Computador, Redes de Computadores, Qualidade de Software, Manutenção de Software, Arquitetura de Software, Matemática Computacional",Não,"Hackathon, Ideathon, Barraca de Comidas Típicas, Shows musicais, Jogos eletrônicos, Jogos de Tabuleiro, Escape Room, Competição de Cosplay, Sala de Descompressão, Maratona de Programação, Sessão de RPG, Competição de Just Dance, Shows de arte, Apresentações teatrais, Exposição de arte, Experiência de Realidade Virtual, Oficinas de Tecnologia e Arte, Espetáculo de dança, Contação de Histórias, Apresentação de literatura e poesia, Sessão de Hit Dance, Sessão de Forró",Atividades relacionadas às pesquisas em desenvolvimento na área de TI.,"Entretenimento e Conteúdo digital, Saúde Mental, Tecnologia de Bem-estar, Guia de Carreira, Mercado Financeiro, O futuro da Tecnologia",Guanabara e Felipe Deschamps,"Entretenimento ao todo, campeonatos e salas de jogos"
24/11/2023 20:49:54,Atividades relacionadas ao mercado de trabalho.,"Realidade Aumentada (AR), Realidade Mista (MR), Realidade Virtual (VR) e Realidade Extendida, Inteligência Artificial, Computação em Nuvem, Robótica, Casa Inteligentes, Desenvolvimento Back-end",Atividades relacionadas às pesquisas em desenvolvimento na área de TI.,"Estrutura de Dados, Algoritmos em Grafos, Computação Gráfica, Padrões de Projetos",Não,,,"Fitness, Jogos e Esportes, Processo Seletivo",Fabio Akita,Maratona de programação 
24/11/2023 20:52:55,Atividades relacionadas ao mercado de trabalho.,"Tecnologias 5G, Realidade Aumentada (AR), Realidade Mista (MR), Realidade Virtual (VR) e Realidade Extendida, Inteligência Artificial, Blockchain, Computação em Nuvem, Cíber Segurança, Moeda Digital/Criptomoeda, Imagem Digital, Tecnologia na Educação, Machine Learning, Computação Quântica, Casa Inteligentes, UX e UI, QA (Quality Assurance), Segurança da Internet, Ciência de Dados, Desenvolvimento Back-end, Desenvolvimento Front-end, Desenvolvimento Full-Stack, DevOps, Testes Automatizados, Documentação de Software, Desenvolvimento Mobile",Atividades relacionadas às pesquisas em desenvolvimento na área de TI.,"Estrutura de Dados, Algoritmos em Grafos, Computação Gráfica, Sistemas Operacionais, Gerência de Projetos de Software, Interação Humano-Computador, Redes de Computadores, Qualidade de Software, Verificação e Validação, Manutenção de Software, Arquitetura de Software, Linguagens Formais e Autômatos, Compiladores, Sistemas Distribuídos, Matemática Computacional",Atividades Culturais!,"Hackathon, Barraca de Comidas Típicas, Shows musicais, Jogos eletrônicos, Escape Room, Competição de Cosplay, Maratona de Programação",Não,"Entretenimento e Conteúdo digital, Jogos e Esportes, Tecnologia de Bem-estar, Mercado Financeiro",,
24/11/2023 20:54:30,Atividades relacionadas ao mercado de trabalho.,"Tecnologias 5G, Inteligência Artificial, Blockchain, Computação em Nuvem, Cíber Segurança, Machine Learning, Varejo de alta tecnologia/comércio eletrônico, UX e UI, QA (Quality Assurance), Segurança da Internet, Ciência de Dados, Desenvolvimento Back-end, Desenvolvimento Front-end, Desenvolvimento Full-Stack, DevOps, Elicitação de Requisitos, Metodologias Ágeis, Testes Automatizados, Desenvolvimento Mobile",Atividades relacionadas às pesquisas em desenvolvimento na área de TI.,"Arquitetura de Computadores, Estrutura de Dados, Algoritmos em Grafos, Padrões de Projetos, Interação Humano-Computador, Redes de Computadores, Qualidade de Software, Verificação e Validação, Manutenção de Software, Arquitetura de Software",Não,,,"Saúde Mental, Fitness, Jogos e Esportes, Marketing e Publicidade, Tecnologia de Bem-estar, Processo Seletivo, Mercado Financeiro",,
24/11/2023 20:55:58,Atividades relacionadas às pesquisas em desenvolvimento na área de TI.,"Tecnologias 5G, Acessibilidade Digital, Realidade Aumentada (AR), Realidade Mista (MR), Realidade Virtual (VR) e Realidade Extendida, Inteligência Artificial, Computação em Nuvem, Cíber Segurança, Imagem Digital, Drones, Robótica, Casa Inteligentes, Tecnologia Espacial, Sustentabilidade, QA (Quality Assurance), Segurança da Internet, Ciência de Dados, Testes Automatizados",Atividades relacionadas às pesquisas em desenvolvimento na área de TI.,"Sistemas Operacionais, Gerência de Projetos de Software, Qualidade de Software, Verificação e Validação, Linguagens Formais e Autômatos, Redes de computadores ",Não,,,"Saúde Mental, Jogos e Esportes, Tecnologia de Bem-estar, Processo Seletivo, O futuro da Tecnologia","Rafaella Ballerini, Ana Tex",Competição de futebol de robótica
24/11/2023 20:56:27,Atividades relacionadas ao mercado de trabalho.,"Inteligência Artificial, Computação em Nuvem, Cíber Segurança, Robótica, Segurança da Internet, DevOps, Testes Automatizados",Atividades relacionadas às pesquisas em desenvolvimento na área de TI.,"Arquitetura de Computadores, Redes de Computadores, Verificação e Validação, Matemática Computacional",Não,,,"Saúde Mental, Jogos e Esportes, Processo Seletivo, Guia de Carreira, Mercado Financeiro, O futuro da Tecnologia",Gabriel Lima(Vulgo Gabriel Pato),o Vitor cantando ao vivo
24/11/2023 21:00:01,Atividades relacionadas ao mercado de trabalho.,"Acessibilidade Digital, Realidade Aumentada (AR), Realidade Mista (MR), Realidade Virtual (VR) e Realidade Extendida, Inteligência Artificial, Imagem Digital, Drones, Tecnologia na Educação, Machine Learning, Tecnologia Espacial, Sustentabilidade, UX e UI, QA (Quality Assurance), Gestão de projetos, Segurança da Internet, Ética na computação, Ciência de Dados, Impressão 3D, Desenvolvimento Back-end, Desenvolvimento Front-end, Desenvolvimento Full-Stack, Elicitação de Requisitos, Metaverso, Documentação de Software, Desenvolvimento Mobile, Game Design",Atividades relacionadas às pesquisas em desenvolvimento na área de TI.,"Arquitetura de Computadores, Estrutura de Dados, Linguagens de Programação, Algoritmos em Grafos, Computação Gráfica, Padrões de Projetos, Gerência de Projetos de Software, Interação Humano-Computador, Qualidade de Software, Verificação e Validação, Manutenção de Software, Arquitetura de Software, Matemática Computacional",Atividades Culturais!,"Barraca de Comidas Típicas, Shows musicais, Jogos eletrônicos, Jogos de Tabuleiro, Escape Room, Competição de Cosplay, Sala de Descompressão, Sessão de RPG, Competição de Just Dance, Apresentações teatrais, Experiência de Realidade Virtual, Oficinas de Tecnologia e Arte, Espetáculo de dança, Contação de Histórias, Apresentação de literatura e poesia, Sessão de Hit Dance, Sessão de Forró, Competição de jogos Indie ou competitivos, como NFS, SpeedRunners, Overcooked, FIFA, CoD, etc.",Não,"Jogos e Esportes, Marketing e Publicidade, Processo Seletivo, Guia de Carreira, O futuro da Tecnologia, Dicas para preenchimento de Currículo",Daniel Lacerda - IF de Jaguaruana,Competição de jogos diversos ou até mesas de RPG
24/11/2023 22:41:52,Atividades relacionadas ao mercado de trabalho.,"Acessibilidade Digital, Inteligência Artificial, Computação em Nuvem, Cíber Segurança, Imagem Digital, Machine Learning, IoT/Sesnsores, Robótica, Eletrônicos Inteligentes, Tecnologia Espacial, Sustentabilidade, Empreendedorismo e Inovação, UX e UI, QA (Quality Assurance), Gestão de projetos, Ciência de Dados, Desenvolvimento Front-end, Elicitação de Requisitos, Metodologias Ágeis, Metodologias Prescritivas, Testes Automatizados, Documentação de Software, Desenvolvimento Mobile",Atividades Culturais!,"Estrutura de Dados, Algoritmos em Grafos, Computação Gráfica, Gerência de Projetos de Software, Interação Humano-Computador, Qualidade de Software, Verificação e Validação, Manutenção de Software, Arquitetura de Software",Não,"Hackathon, Ideathon, Jogos eletrônicos, Jogos de Tabuleiro, Escape Room, Sala de Descompressão, Maratona de Programação, Experiência de Realidade Virtual, Oficinas de Tecnologia e Arte",Atividades relacionadas às pesquisas em desenvolvimento na área de TI.,"Saúde Mental, Estilo de vida e Família, Jogos e Esportes, Guia de Carreira, Mercado Financeiro, O futuro da Tecnologia",,
25/11/2023 11:35:19,Atividades relacionadas ao mercado de trabalho.,"Tecnologias 5G, Realidade Aumentada (AR), Realidade Mista (MR), Realidade Virtual (VR) e Realidade Extendida, Inteligência Artificial, Cíber Segurança, Drones, Wearables, Varejo de alta tecnologia/comércio eletrônico, IoT/Sesnsores, Computação Quântica, Robótica, Eletrônicos Inteligentes, Tecnologia Esportiva, Segurança da Internet, Impressão 3D, Desenvolvimento Back-end, Desenvolvimento Front-end, Desenvolvimento Full-Stack, DevOps, Desenvolvimento Mobile",Atividades Culturais!,,,"Hackathon, Ideathon, Barraca de Comidas Típicas, Shows musicais, Jogos eletrônicos, Competição de Cosplay, Maratona de Programação, Sessão de RPG, Experiência de Realidade Virtual, Oficinas de Tecnologia e Arte, Sessão de Hit Dance, Sessão de Forró",Não,"Entretenimento e Conteúdo digital, Saúde Mental, Jogos e Esportes, Tecnologia de Bem-estar, Processo Seletivo, Guia de Carreira, O futuro da Tecnologia",,
27/11/2023 18:06:19,Atividades relacionadas às pesquisas em desenvolvimento na área de TI.,"Inteligência Artificial, Cíber Segurança, Tecnologia na Educação, Machine Learning, Segurança da Internet, Desenvolvimento Back-end, Desenvolvimento Front-end, Desenvolvimento Full-Stack, Metaverso",Atividades Culturais!,"Arquitetura de Computadores, Estrutura de Dados, Linguagens de Programação, Linguagens Formais e Autômatos, Segurança da Informação",Atividades relacionadas ao mercado de trabalho.,"Hackathon, Shows musicais, Escape Room, Competição de Just Dance",Não,"Tecnologia de Bem-estar, Processo Seletivo, Guia de Carreira, O futuro da Tecnologia","Rafaela Ballerini, Leonardo (Cod3r), Akitta, Código Fonte TV, Loiane Gronner ",
27/11/2023 20:24:49,Atividades relacionadas ao mercado de trabalho.,"Inteligência Artificial, Computação em Nuvem, Cíber Segurança, LGPD, Computação Quântica, Robótica, Tecnologia Espacial, Empreendedorismo e Inovação, UX e UI, QA (Quality Assurance), Gestão de projetos, Segurança da Internet, Ciência de Dados, Desenvolvimento Full-Stack, DevOps, Elicitação de Requisitos, Metodologias Ágeis, Metaverso, Testes Automatizados, Documentação de Software, Desenvolvimento Mobile",Atividades relacionadas às pesquisas em desenvolvimento na área de TI.,"Arquitetura de Computadores, Estrutura de Dados, Computação Gráfica, Padrões de Projetos, Gerência de Projetos de Software, Interação Humano-Computador, Redes de Computadores, Qualidade de Software, Verificação e Validação, Manutenção de Software, Arquitetura de Software, Compiladores, Sistemas Distribuídos, Matemática Computacional",Atividades Culturais!,"Hackathon, Barraca de Comidas Típicas, Shows musicais, Jogos eletrônicos, Jogos de Tabuleiro, Competição de Cosplay, Maratona de Programação, Sessão de RPG, Competição de Just Dance, Apresentações teatrais, Exposição de arte, Experiência de Realidade Virtual, Oficinas de Tecnologia e Arte, Espetáculo de dança, Apresentação de literatura e poesia, Sessão de Hit Dance, Sessão de Forró",Não,"Saúde Mental, Estilo de vida e Família, Fitness, Jogos e Esportes, Marketing e Publicidade, Processo Seletivo, Mercado Financeiro","Código fonte, Rafa Ballerini, Rafael Ivo, Anna Beatriz, Tatiane Fernandes, Reuber, Guanabara, Clube do Improviso, LabSoci... ",
27/11/2023 21:40:38,Atividades relacionadas ao mercado de trabalho.,"Realidade Aumentada (AR), Realidade Mista (MR), Realidade Virtual (VR) e Realidade Extendida, Inteligência Artificial, Computação em Nuvem, Cíber Segurança, Drones, Machine Learning, Cidades inteligentes, Casa Inteligentes, Desenvolvimento Full-Stack, Desenvolvimento Mobile",Não,,,,,"Saúde Mental, Jogos e Esportes","KipperDev, GirlCoding, balerini, O Primo Dev",